Date,SMB,HML
2020-07-06,-0.0005048410186126572,0.012951414435267844
2020-07-07,-0.002427851571785365,-0.011989396704987231
2020-07-08,0.008241357213937253,0.007357399138924624
2020-07-09,-0.0005948031168758359,0.012419469834711525
2020-07-10,0.00712415991199186,-0.013201135963418587
2020-07-13,0.008587596476244358,-0.011407325001329193
2020-07-14,0.006994516417685155,-0.018957451293360843
2020-07-15,0.003887155333831178,-0.011346463553848652
2020-07-16,0.0001635211954594748,-0.0062317136063379745
2020-07-17,-0.0036852027174221046,0.006869245972446796
2020-07-20,-1.1701843263210374e-05,-0.001847538942823905
2020-07-21,-0.00377878772534341,0.013781974989072743
2020-07-22,-0.011062510040123371,0.01354936144722127
2020-07-23,0.00571717862800693,-0.008777495030255237
2020-07-24,-0.0010893380655048338,-0.010182442078700378
2020-07-27,0.010362276581414817,-0.019711688396056807
2020-07-28,0.0015741825020748335,0.010458131691483886
2020-07-29,0.013685464244660812,0.007275412826082216
2020-07-30,0.009543323153916405,-0.02423080944865546
2020-07-31,0.0005551770865154558,0.006855847294862788
2020-08-03,0.0052164651719311585,-0.0026811362460448605
2020-08-04,-0.00577250359971425,0.0005890127361838846
2020-08-05,0.0030764178534977583,0.010057153502807179
2020-08-06,0.002120157398452909,-0.0046050192408059005
2020-08-07,0.010886244868038013,0.003340295704264153
2020-08-10,0.003200122142492018,-0.00605322882640452
2020-08-11,-0.0036338816914195655,0.010849967148840532
2020-08-12,-0.004826012494496086,0.001414395497240953
2020-08-13,0.0028991798183079635,0.001322830654497752
2020-08-14,0.004596678202907975,-0.001236667955801787
2020-08-17,0.005419987403826525,0.008147671562733477
2020-08-18,-0.002698313687899301,0.008257323865707517
2020-08-19,-0.006609225639771692,-0.0010579722392848627
2020-08-20,0.0036936678753179165,0.008234859741199247
2020-08-21,0.002504507706319688,0.0018895853885146537
2020-08-24,-0.010232980554231236,0.004895789526830823
2020-08-25,-0.008454955590807936,0.007905616917464955
2020-08-26,0.006551974245586558,0.022234395246583175
2020-08-27,0.0071366886817326725,0.009260074755268868
2020-08-28,-0.009830610594135236,0.017376512433273848
2020-08-31,0.0012803950418515814,-0.005242764785801379
2020-09-01,0.0075814243170438805,-0.006445635282690805
2020-09-02,-0.00011710613080157927,0.001245502434935375
2020-09-03,0.010319954345152036,-0.007925082457789034
2020-09-04,-0.0016914016817294146,-0.007786308101578883
2020-09-07,0.0024375742577645186,-0.012412682231097202
2020-09-08,-0.0035070453873399486,-0.013831763332972181
2020-09-09,0.013430508449967606,-0.0012839577626235729
2020-09-10,-0.004171697640617087,0.004296435747313353
2020-09-11,0.0023188464994298007,-0.002946022987586447
2020-09-14,0.0012965331105453098,-0.014265688599687913
2020-09-15,0.0024953039643782968,0.009378585416793993
2020-09-16,0.004748698983447534,-0.0054987586818410795
2020-09-17,0.004577248945050967,-0.010662539650861684
2020-09-18,0.011936156940844373,-0.0009906840771320498
2020-09-21,-0.00477846956643007,-0.008094503556954218
2020-09-22,0.0010376840760993478,-0.008323419305568989
2020-09-23,-0.0012294771866517762,-0.004538734826856943
2020-09-24,0.005438784243218184,-0.020781780925043094
2020-09-25,-0.006491203777262002,-5.365442080379826e-05
2020-09-28,-0.0048185129901682534,0.020716971349682704
2020-09-29,0.0018804821662339322,-0.006585236874935234
2020-09-30,0.003559563987526672,-0.0050605666781229275
2020-10-01,-0.004102614991404321,0.012336957282899186
2020-10-05,0.006276023977161515,-0.004365531483154206
2020-10-06,-0.0029428922775864555,0.0065527237036272345
2020-10-07,-0.00209440146126836,-0.010777570682769851
2020-10-08,0.0062826990149014925,-0.009637106383449837
2020-10-09,-0.014322354706674372,0.009511571603666037
2020-10-12,0.00022913832351290943,-0.003549444216183913
2020-10-13,0.000364337457195421,0.002485690866144717
2020-10-14,0.0003127778882095124,-0.0007032380630358837
2020-10-15,0.011672140640723251,-0.003533694770066362
2020-10-16,-0.0015966252146091472,0.009256082045054879
2020-10-19,-0.010039898488929399,0.013983042743847873
2020-10-20,-0.004022570547281789,-0.008719250153367483
2020-10-21,-0.006034877958957252,0.019455359637171613
2020-10-22,-0.005629441067097656,0.004617768772319757
2020-10-23,0.0010499980604090344,0.007144073087327426
2020-10-26,-0.0019442814871078792,-0.015765622473629833
2020-10-27,0.0038020908167563944,0.0019262895357179469
2020-10-28,0.0013762952154169755,-0.005040506136347923
2020-10-29,0.004854612113567813,-0.006019313698158913
2020-10-30,0.003755301947015769,0.00740087552068878
2020-11-02,-0.013570516554457849,0.01443051671415036
2020-11-03,0.0016680642801530296,0.003298609114387458
2020-11-04,-0.0012685934196661622,-0.005899120925578066
2020-11-05,-0.0009388925268886059,0.01445342621621442
2020-11-06,-0.005880780122813728,0.014062945754505094
2020-11-09,0.001447969039321968,0.0032286906526184066
2020-11-10,-0.022293279949252263,0.03439184919012104
2020-11-11,0.00582472214117152,-0.0006700500685642465
2020-11-12,0.002912261898529633,-0.01021674658174242
2020-11-13,0.005221346461414593,-0.0018430597025004825
2020-11-14,0.0001465957229691171,-0.0014317866653094182
2020-11-17,0.0017384600062891626,0.010620093898428332
2020-11-18,-0.00559708196769608,0.02248427750468584
2020-11-19,-0.0021226849969784925,-0.014781620616210255
2020-11-20,-0.00354401441060361,-0.012175640891997744
2020-11-23,0.006240447458629277,0.008047607854923125
2020-11-24,-0.005568363779512438,0.010632105753261407
2020-11-25,-0.0025491915952400857,0.005940697610868703
2020-11-26,0.003253950815755925,0.0043969795946715556
2020-11-27,0.0095165087038952,-0.004281736217541085
2020-12-01,-0.0004892135450886362,0.003988776070209733
2020-12-02,0.001462028489998407,0.0007448277086728634
2020-12-03,0.0008113363884252687,0.008883049401173657
2020-12-04,-0.005561231861592908,0.0008610794626358297
2020-12-07,-0.004574793051703209,0.0033226196718022837
2020-12-08,-0.005699953585575415,-0.0057204549462981065
2020-12-09,-0.004753516548694924,-0.00036696068284886203
2020-12-10,-0.0011578023965337697,-0.018541801366508417
2020-12-11,-0.008160825793417675,0.011226047974505066
2020-12-14,-0.007065017516672509,0.005928678130945995
2020-12-15,5.300952220829106e-05,0.004601172941387506
2020-12-16,0.004283389202412046,-0.0007557404151857447
2020-12-17,-0.002007836614031043,-0.00550139615440297
2020-12-18,0.002253338748882607,-0.009606542797387423
2020-12-21,0.0033590939620394555,-0.024723078055067054
2020-12-22,0.003173510346197476,-0.011038058780431171
2020-12-23,0.003610160733530727,-0.0003730678311537599
2020-12-24,-0.007766427361451743,0.009178194838005716
2020-12-28,0.0022849591609045514,0.006907722136306242
2020-12-29,-0.003645125372389738,0.0008105244876766269
2020-12-30,0.0034004068788067157,0.0023862330030242265
2020-12-31,0.0020107386651711094,-0.005728588043216567
2021-01-01,-0.004422703975740119,-0.004669594681162551
2021-01-04,0.006873126395799293,0.004381079128411514
2021-01-05,0.00437430087403827,-0.008170912085437656
2021-01-06,0.00590519182594668,0.008466979718100016
2021-01-07,0.0018888505679351807,0.021519431042019727
2021-01-08,0.0027255537663625935,-0.0032099041403663778
2021-01-11,0.0042815175268099874,-0.011733629094546245
2021-01-12,-0.004078722537718652,0.02216918519343996
2021-01-13,-0.006904651783551208,0.010264106590380974
2021-01-14,-0.000253400683805239,-9.182360455094272e-05
2021-01-15,0.0033835767954912485,0.004858698255162408
2021-01-18,-0.004189192378606283,-0.014337625951240064
2021-01-19,-0.0037920276465811358,0.010276432984186776
2021-01-20,0.0011883268062725418,0.003940696242389689
2021-01-21,0.003058094487320929,-0.0025400730742678145
2021-01-22,0.003411120471743365,-0.01576108283160655
2021-01-25,0.008614904645488688,-0.0002130859619548335
2021-01-27,0.0028476654620309978,-0.01762882160293833
2021-01-28,-0.001955505728831573,0.008258109789642726
2021-01-29,-0.0014857330081224935,0.00838792827601427
2021-02-01,-0.023655876902771402,0.026608248216951902
2021-02-02,-0.003621892958013021,0.033536945311658455
2021-02-03,0.008689471433075604,0.009450722825705695
2021-02-04,-0.016050785375419933,0.01108103055835797
2021-02-05,-0.004698147356413572,0.007593008364198674
2021-02-08,-0.0019026449922920873,0.01367362824193251
2021-02-09,0.002958702627658242,-0.00792008864985055
2021-02-10,-0.00021056722662037616,-0.005480616704235599
2021-02-11,0.002115212120035444,0.006497361958988087
2021-02-12,-0.005960193498665153,0.0033772443097781542
2021-02-15,-0.009094392360115774,0.007430138366608763
2021-02-16,0.0034797785695226996,0.019806386264000567
2021-02-17,-0.0014724902820365815,0.004593404654232376
2021-02-18,0.0002781471068136973,0.010610267494980768
2021-02-19,-0.0011797518440978955,-0.0012246723359021008
2021-02-22,0.005313980256050286,0.007557107120627245
2021-02-23,0.009195867782229502,0.012282592969156687
2021-02-24,-0.009459193651856046,0.006018581998125237
2021-02-25,0.0032594591487626803,0.026877226658456505
2021-02-26,0.004746176002083442,-0.020971206077341438
2021-03-01,0.0024222747129603595,0.008944253210020237
2021-03-02,0.0010818304587043755,-0.011480511860450932
2021-03-03,-0.003150844655685575,0.013404089210366022
2021-03-04,0.0024173107658021784,-0.011346547450514536
2021-03-05,-0.010868655803350651,-0.004560928518312222
2021-03-08,0.00011041172653004135,0.007713678282018015
2021-03-09,-0.003519891960768156,-0.00914069377962668
2021-03-10,0.005885204101267882,0.0007731037968580568
2021-03-12,-0.0015037874910560252,-0.0014841692829458877
2021-03-15,0.006379271984646471,0.003259544141146367
2021-03-16,0.0015444070371283692,-0.014687156489681644
2021-03-17,-0.002112687023412444,-0.012759315449483022
2021-03-18,0.001535991091935895,0.006738891768386937
2021-03-19,0.0013979179671085688,0.00722375792321161
2021-03-22,-0.0034090275487589357,-0.015077753328948963
2021-03-23,-0.0036819950894773517,-0.0014984245393661398
2021-03-24,0.005031713667550078,-0.016169124297938237
2021-03-25,0.004014952257491919,0.006105305018528372
2021-03-26,0.002853695224291849,-0.004187006357900765
2021-03-30,0.007021073117292793,-0.00582042906056042
2021-03-31,0.0037091771763360765,-0.005343086261379957
2021-04-01,0.00016779174253208316,0.020913693126167476
2021-04-05,0.005328205947534859,-0.02219163180282585
2021-04-06,0.003570038225893514,-0.014414883379707548
2021-04-07,0.007407782242091015,-0.0031256037026426977
2021-04-08,0.008531810728078657,-0.0026686103756952085
2021-04-09,0.0014009386398819393,-0.011740502440274178
2021-04-12,0.014467748653036655,-0.031052150189139035
2021-04-13,-0.01095457757682565,0.03134349413940131
2021-04-15,-0.007058991676581388,0.0025810190006696496
2021-04-16,0.00968726953589847,-0.0014528595017599321
2021-04-19,0.009565029552971841,-0.015284091687393026
2021-04-20,0.0031896452444090664,-0.001580972155394795
2021-04-22,-0.00447275849786263,0.010871834154386932
2021-04-23,5.3714673402093915e-05,0.009351857165475694
2021-04-26,-0.0016238210435819047,0.007126334696656701
2021-04-27,-0.00021942226955871773,0.013645385958138946
2021-04-28,-0.0068149197312500345,0.014831941615559816
2021-04-29,0.003170704524413205,0.007533084707615963
2021-04-30,0.009579337233390705,0.0022037348474299133
2021-05-03,0.0012610551921979725,-0.00597872252519089
2021-05-04,-0.0040095573783202635,-0.0025183134958247947
2021-05-05,-0.0009266243444794493,0.0017170382947715272
2021-05-06,0.005951707880446706,0.0015568804386529855
2021-05-07,-0.0017585557166591576,0.009016024004182135
2021-05-10,0.0076976481972202086,0.017895322918049454
2021-05-11,-0.0005314695682460647,0.01358055992280199
2021-05-12,0.0004278375652581965,-0.0034417201392261424
2021-05-14,0.0026673086841206106,-0.023294754445064386
2021-05-17,-0.007328976716563207,0.02369925230562392
2021-05-18,-0.003565122583821736,0.004469855699932633
2021-05-19,0.009615354908897991,-0.003483721461298118
2021-05-20,-0.0081302896218588,-0.012497262707247218
2021-05-21,-0.007617967675316068,0.010005817947115272
2021-05-24,-0.0017067135754838991,0.006757392129728796
2021-05-25,0.006816908849048096,-0.0030123066865157823
2021-05-26,-0.0065958163111873485,-0.008550851319405143
2021-05-27,0.0054781525272571885,0.006423009380341585
2021-05-28,0.0022572481590303,0.01044254697220516
2021-05-31,-6.026843095972671e-05,0.001791011490552925
2021-06-01,-0.008316270342346069,-0.0010149195516383153
2021-06-02,0.004132868963144399,0.00759408815314749
2021-06-03,-0.00634556190479168,-0.0041490353202121135
2021-06-04,-0.0003409579418136117,0.0052779392745785384
2021-06-07,0.0014711387477663726,0.009915882046493471
2021-06-08,0.001423822108695474,-0.011764858073931737
2021-06-09,0.003739609134656048,-0.006565921952731926
2021-06-10,-0.0016457574033469308,0.0014022909833260903
2021-06-11,0.007118320415998216,0.007241859966075844
2021-06-14,0.007238537053741679,0.00013510443917065518
2021-06-15,-0.0008764170920837003,-0.0018726609397630252
2021-06-16,0.0004524620131241197,-0.00884126761950446
2021-06-17,0.001594055779134778,-0.013797821023398925
2021-06-18,-0.010368563512960215,-0.01013864243000554
2021-06-21,-0.008514938874356328,-0.0008422905560558792
2021-06-22,0.002028732204816392,0.0002113155990616472
2021-06-23,-0.0047036549957409045,-0.006352554696585664
2021-06-24,-0.001785631293341485,-0.008528945603468467
2021-06-25,0.003959586834447251,0.0011302690044792925
2021-06-28,0.0048366742612256765,0.008556968696858196
2021-06-29,0.0031793729719358276,-0.009691284895995845
2021-06-30,0.0011856875870813338,-0.007453487285408653
2021-07-01,0.0012707007606097783,-0.0015964297880761724
2021-07-02,-0.00031199650069145177,-0.0003615539480987777
2021-07-05,-0.0017590327024066292,0.013589345105495946
2021-07-06,-0.007633904395620497,-0.0026961991980205026
2021-07-07,0.004444515681141049,0.0028392550484144076
2021-07-08,0.0005896071472431558,-0.007615982964547125
2021-07-09,0.0029764000190655704,0.00017114528035514507
2021-07-12,0.0005701517636537282,0.003246186733629556
2021-07-13,0.00040007143318072317,0.009310915134730433
2021-07-14,0.0009122646403784546,-0.0032881621809281946
2021-07-15,0.00289613949395217,0.0004161508647500861
2021-07-16,0.0034136813895383374,0.0006004461313939683
2021-07-19,0.0022360482116889763,-0.011728151723094936
2021-07-20,0.0007302296282738069,-0.013767437576218537
2021-07-22,-0.002376292788192933,0.0033399305461160825
2021-07-23,-0.003809192870087047,-0.004923411164488517
2021-07-26,0.0027432433997897766,-0.007776986613024513
2021-07-27,-3.4598774444756855e-05,0.00019583304289410132
2021-07-28,-0.0004947996912302979,-0.010980274786032774
2021-07-29,0.002965493447994404,0.014565757569731498
2021-07-30,0.0016506994800189944,0.002443609754026603
2021-08-02,-0.0033962705918071682,-0.004511332265200117
2021-08-03,-0.0033063244530754723,-0.005595999628499503
2021-08-04,-0.003334591972464473,0.011491426646858188
2021-08-05,0.002055151374127501,-0.0071993456191626806
2021-08-06,0.0005769839645239373,-0.0011378549466092467
2021-08-09,-0.0017353963441487836,-0.0008324978363853726
2021-08-10,-0.003746439160842276,-0.011240843491555672
2021-08-11,0.0017594175250278642,0.01044462019497416
2021-08-12,0.0020024642626293634,1.5913390162861432e-05
2021-08-13,-0.007018789804771682,-0.0032192920576350837
2021-08-16,-0.0009314365201241549,-0.007284694140889577
2021-08-17,0.008728143195545131,-0.02705208059616468
2021-08-18,-0.0022297446994534228,-0.0025367857016802193
2021-08-20,-0.0033390289044679857,-0.03380656194290571
2021-08-23,-0.005883690197138062,-0.01104560528198676
2021-08-24,-0.0017613664483034468,0.01529900636685259
2021-08-25,0.001848033768105741,0.0010440847526395351
2021-08-26,-0.0007055360311340327,-0.004719070846282137
2021-08-27,0.000895301548142568,-0.0003057108523442072
2021-08-30,-0.003951422371418467,0.012100823120897865
2021-08-31,-0.0050418802880657695,-0.011512860513956889
2021-09-01,0.006297370068437027,-0.00610026384443259
2021-09-02,0.0026640575572940356,-0.009538682140877632
2021-09-03,-0.001605171132898606,0.006504138363527772
2021-09-06,0.0025415020682350528,0.00033888144080228733
2021-09-07,6.02723575327431e-05,-0.0022421284470702423
2021-09-08,-0.0038864793550029662,0.007575158370404181
2021-09-09,-0.0019866138347243967,0.004821656234766866
2021-09-13,0.005110396468227384,0.0025174578596842117
2021-09-14,-0.0002808955099887654,0.0006157832249577243
2021-09-15,-0.006558516104615485,0.0052808752747888835
2021-09-16,-0.002696226108926426,0.006967118238815172
2021-09-17,-0.004257871612033087,-0.003236988660465687
2021-09-20,-0.016391712813776365,-0.02335441170562332
2021-09-21,0.0014202914142934665,0.00501041420597988
2021-09-22,0.007183118800977288,0.005778786612803736
2021-09-23,-0.0033365780469648745,0.01650930726214124
2021-09-24,-0.003559363680077774,-0.005222068456363501
2021-09-27,-0.009709847346674,0.024561086754202686
2021-09-28,-0.0015457790415753284,0.016966224120102326
2021-09-29,0.004374677855530317,0.017174118357857874
2021-09-30,-0.003623985573813683,-0.002897789212434927
2021-10-01,0.005416962118391986,0.005193880838197027
2021-10-04,-0.003231054550725112,0.001191022769778255
2021-10-05,-0.006160653327704543,0.006061815886931031
2021-10-06,-0.004822180300271263,0.002805890409428082
2021-10-07,-0.0005402491051599359,-0.006836865792449954
2021-10-08,-0.0008467479306532215,0.005635339676446551
2021-10-11,0.00249118101129889,0.02411989885314736
2021-10-12,0.0007225783115323821,0.001618339850858872
2021-10-13,0.007439603159454773,0.014016603633029343
2021-10-14,-0.004501381493312784,0.00901652872860883
2021-10-18,-0.002160292069119117,0.005424228089235484
2021-10-19,0.001282731071331195,0.0015392770768846223
2021-10-20,-0.005906652404341051,-0.0022115680525057538
2021-10-21,-0.005419016631519431,0.017389779105452457
2021-10-22,-0.007813430414605749,0.001998332495552221
2021-10-25,-0.009141936300699424,0.007625209544801715
2021-10-26,0.008773590851400788,-0.0009506523518540699
2021-10-27,0.009257247503935776,-0.018788867213479173
2021-10-28,0.013807759190589072,-0.010796006166229681
2021-10-29,0.002693708182260528,-0.007610142823162208
2021-11-01,0.0052785008701810975,0.009730100738322608
2021-11-02,-0.010301619726682101,-0.004641674724419111
2021-11-03,0.006213181397734373,-0.000631027335486025
2021-11-04,-0.0005530838043218498,-0.0012262441334764656
2021-11-08,-0.012231214669186998,-0.004110534982909105
2021-11-09,-0.0011349233947214143,-0.004407539236606792
2021-11-10,-0.00548355317279353,-0.005557425850509843
2021-11-11,-0.0002417076674715189,-0.0032484752129955524
2021-11-12,0.000790410784259777,-0.008999497438708969
2021-11-15,0.0013813525558168688,-0.012392144847716648
2021-11-16,0.001770716117013816,-0.0044605496817572855
2021-11-17,0.00867045115601564,-0.010672148669565305
2021-11-18,-0.004564329184057069,-0.0012290620026783952
2021-11-22,0.008790062097075424,-0.011266669992902148
2021-11-23,0.0026547345711574084,0.005563976678936129
2021-11-24,-0.00974932600979122,0.010335257786847126
2021-11-25,-0.0009985150558946372,-0.003074908101140786
2021-11-26,0.013353574317951495,-0.025603970532799124
2021-11-29,-0.0010843887172704747,-0.00666834614234342
2021-11-30,-0.002864457302613718,-0.013971061409480364
2021-12-01,-0.0014563514031072679,0.01695168485886257
2021-12-02,0.001770380081395703,0.0003065340795775709
2021-12-03,0.000532699011706883,0.005165719612544998
2021-12-06,-0.0024603949308021553,-0.00102269100165122
2021-12-07,-0.002920013607922203,0.013604935661952883
2021-12-08,-0.005077761390054374,0.003562553815848333
2021-12-09,0.00020005135004277984,-0.0009683712681440042
2021-12-10,0.0014592772937029965,-0.0013603604356078364
2021-12-13,0.0033776933886497233,-0.0003931139769603959
2021-12-14,0.00560273870838318,0.000297212837777969
2021-12-15,0.0011490021278326452,0.0034078676196429908
2021-12-16,-0.0033497399862090485,-0.0023270389348612874
2021-12-17,0.002475542244242377,-0.00654970387792593
2021-12-20,0.0005324885502093514,-0.017640228634995925
2021-12-21,0.004320257885690378,-0.0026991108056556284
2021-12-22,-0.0033209777102982726,0.007430755507256665
2021-12-23,-0.003573565256428878,0.001929078736819063
2021-12-24,0.002615633806432224,-0.013206941353688974
2021-12-27,-0.000702958926362868,-0.0003597188482884718
2021-12-28,-0.0008388396617273822,-0.0005957953143831719
2021-12-29,0.005213252175138225,-0.010385656126609799
2021-12-30,-0.002135356790100876,-0.005517037464342641
2021-12-31,-0.0002673283027985543,0.0028226376044015976
2022-01-03,-0.0011943874869267245,0.01682608996183163
2022-01-04,-0.012544609596769545,0.004341977259787005
2022-01-05,-0.005477121849492211,0.014292873450418981
2022-01-06,0.001581186948312015,0.00390642690399734
2022-01-07,0.007400664907088588,0.004496239954539487
2022-01-10,-0.007404106696945441,0.007111029183278843
2022-01-11,-0.010003152833391362,-0.004463329356052837
2022-01-12,-0.00305259070835554,0.009502965075368183
2022-01-13,0.003696298492657737,0.004965219236514419
2022-01-14,-0.0044725105926350425,-0.0035269452824073255
2022-01-17,0.0025858053538583867,0.007264371097633558
2022-01-18,-0.008623917950213554,0.003151366398206344
2022-01-19,-0.0007498405791534603,0.021962858413861003
2022-01-20,0.006642008745624503,0.003112592477280932
2022-01-21,-0.000807777882209107,-0.0075196860169280556
2022-01-24,-0.006029314671873853,0.0009942397386118323
2022-01-25,-0.0007034306244547983,0.016500140819850215
2022-01-27,-0.010309258322873811,0.018796009810572
2022-01-28,0.0006360237532620446,-0.0016090458625310578
2022-01-31,-0.0014162281939409035,-0.00512169070636673
2022-02-01,0.001091986288695777,-0.0009834858589501567
2022-02-02,-0.0030908772170338047,-0.0006632463965019156
2022-02-03,0.003424303359945653,-0.004485779338005827
2022-02-04,0.000727224860975153,-0.0024570400925956978
2022-02-07,-0.0035427953771026612,0.015233556138155956
2022-02-08,0.0008486658702907001,-0.000762962815727061
2022-02-09,0.004386499583938788,0.0030728853721738066
2022-02-10,-0.0004982838087869536,0.0054929204205133655
2022-02-11,-0.0014200850752519693,0.004447779964105303
2022-02-14,0.00062799831156456,-0.014876863160696044
2022-02-15,-0.0018300167534567036,0.0012636174080535856
2022-02-16,-0.000699185375443738,-0.007223215922869436
2022-02-17,0.002631756647448105,-0.00236555895108738
2022-02-18,-0.0001542564738183337,0.002310750723370494
2022-02-21,-0.0018058127211707103,-0.001897551301577689
2022-02-22,0.000948050796451971,-0.0012929597815473752
2022-02-23,-0.0023492436506398276,-0.004512856827997598
2022-02-24,-0.0015740914505506381,-0.012534039276867914
2022-02-25,0.003351481208423747,0.01615792402377512
2022-02-28,0.0068964864019718675,0.005859879475937038
2022-03-02,0.014268624589137066,0.002292775771589867
2022-03-03,-8.045158677975547e-05,0.01522382821216172
2022-03-04,-0.0008310690476357255,-0.005515184548710177
2022-03-07,0.008495392125373256,0.005106410444791782
2022-03-08,-0.0022246040288554066,-0.012683987866979617
2022-03-09,-0.01211312436005657,-0.00437630624400911
2022-03-10,-0.00041743084126201306,0.0010774920316795836
2022-03-11,0.0028963982249439746,0.0009037204785053944
2022-03-14,-0.005749081500717616,0.000956409793837514
2022-03-15,-0.0006021902353985382,-0.013842830953654935
2022-03-16,-5.502183709892722e-05,0.0018114802624003175
2022-03-17,-0.0004289435614111374,0.0023114402862826604
2022-03-21,-0.0029526250646278764,0.01126033761837909
2022-03-22,-0.0039576155454716,0.01117822740297153
2022-03-23,0.005946890615643339,0.006487151133980211
2022-03-24,0.006530738198385461,0.0023974763292183075
2022-03-25,0.0011373439945952446,0.0036556721502835486
2022-03-28,-0.0070765671860414285,0.008823757356406944
2022-03-29,-0.0006838931883032741,-0.01169460437480659
2022-03-30,-0.004283546035112734,-0.00782821339940743
2022-03-31,-0.007608818985924496,-0.004111560503347985
2022-04-01,-0.006139659798634251,0.014892371413943672
2022-04-04,-0.002030023926373534,0.005543866856230421
2022-04-05,0.0024629521557096587,0.0001097575543178575
2022-04-06,0.001880466406423001,0.008175111965515978
2022-04-07,0.0023222586340299724,-0.009715907270097019
2022-04-08,0.004227088464773737,-0.004280083224876264
2022-04-11,0.0023775787493748738,0.004372155608403316
2022-04-12,-0.009826508335748664,-0.007959395994646965
2022-04-13,-0.0007234177165379096,-0.0023588175174386085
2022-04-18,0.0022755848062719,0.005738475541992511
2022-04-19,-0.003983067554143526,0.016382062900644152
2022-04-20,0.002529588390442686,-0.006956978932701894
2022-04-21,-0.00487659129024472,-0.0013375366453653378
2022-04-22,-0.005003544642537796,-0.012559969664522181
2022-04-25,-0.009519543342420752,-0.002386599011617495
2022-04-26,0.00022968134755742275,-0.0009213246016790862
2022-04-27,0.007005231843058609,0.0002843256522548892
2022-04-28,0.0022638526476718,-0.0016719988037571312
2022-04-29,0.004493886147795147,-0.004395711902114933
2022-05-02,5.324030042333332e-05,0.0115904656127799
2022-05-04,0.0013345084455107029,0.006938049550694372
2022-05-05,-0.005458381738859966,-0.003033990618514358
2022-05-06,-0.004112845727095254,0.0049975076595192465
2022-05-09,-0.0039011089398470096,-0.007389536842285938
2022-05-10,-0.002615825758488343,-0.01876869893645168
2022-05-11,0.003318847115396498,0.006159748108809252
2022-05-12,0.0006262467911020801,-0.015564037909938374
2022-05-13,0.00724349809370708,-0.008778043118994397
2022-05-16,-0.002717918321600482,0.009274229795203499
2022-05-17,0.0011874637700352748,0.013232360500297566
2022-05-18,-0.000498459441443573,-0.004717113802809876
2022-05-19,-0.0041468963525964075,0.0028588222306188196
2022-05-20,0.0023863055290432,0.0038149589193918892
2022-05-23,-0.012921083524808964,-0.015266586009174172
2022-05-24,-0.0032892045444751737,0.007350737667078161
2022-05-25,-0.008231366801945306,0.00856761663275246
2022-05-26,0.007768452675389551,0.00568207667955079
2022-05-27,0.004414358118749824,-0.014791088251470278
2022-05-30,-0.0012237239122830888,-0.003415153622774291
2022-05-31,0.008122789491283342,0.00015517337093846244
2022-06-01,-0.005228172361976717,0.00899440472318403
2022-06-02,-0.010788330283197506,0.0030521179817846944
2022-06-03,-0.004804486877620216,-0.005478362994518348
2022-06-06,0.0014066065445187412,0.002689668949516008
2022-06-07,-0.002930806414483538,0.013171816764867582
2022-06-08,0.0011897362696043764,0.0027440922159044363
2022-06-09,-0.001950180948705923,-0.006038181099727988
2022-06-10,0.006496260966544269,-0.008457641593170246
2022-06-13,0.007791997326060233,-0.013200753698218565
2022-06-14,-0.005975751687724689,-0.007265140009017648
2022-06-15,0.0031657873133356463,-0.005695203556393217
2022-06-16,-0.002529535427868032,-0.023897643902535577
2022-06-17,-0.007104354871638011,0.0118552534507643
2022-06-20,0.00028943730920507303,-0.029339481578068493
2022-06-21,0.0003053915741393354,0.005334885591379918
2022-06-22,-0.005089100990397067,-0.01214945912254635
2022-06-23,0.005222094869934002,-0.010248198013694906
2022-06-24,-0.0033927779984218517,0.0032540950111711736
2022-06-27,-0.0013365426504195164,0.005826929235082597
2022-06-28,0.0029738258251359763,0.01307767479163521
2022-06-29,-0.006048105183890325,0.012353214656717624
2022-06-30,-0.00671922490868556,-0.004218300621349789
2022-07-01,0.014931931855286417,-0.027055329582652977
2022-07-04,-0.0015019221245588113,-0.009307457332954332
2022-07-05,0.0013446320362168552,0.006637544853872449
2022-07-06,-9.588869395979992e-05,-0.01619592866738528
2022-07-07,0.0024672824443320463,0.014190753631405902
2022-07-08,-0.0015843521991288053,0.002482177107865168
2022-07-11,0.005677784362226191,0.01575178503440602
2022-07-12,-0.0033129747218269,0.00271175067077117
2022-07-13,0.0046775670142926145,-0.0019901164968509806
2022-07-14,-0.0026160470045528245,0.0006734341356512152
2022-07-15,-0.0031367298981417836,-0.011595175483261493
2022-07-18,-0.002857250598623606,0.009289778980471279
2022-07-19,-0.0021082951877664157,0.005435031531840055
2022-07-20,-0.0017384865476951297,-0.00045711130304460293
2022-07-21,0.0020464035848197486,0.0001485627206047821
2022-07-22,-0.002678636215129732,0.006086557204755445
2022-07-25,0.004082666676188033,-0.00022628528592804828
2022-07-26,-0.004261082381659088,0.006558785993559392
2022-07-27,-0.0003371820348216977,-0.002390095352636937
2022-07-28,-0.0003886612139985101,-0.0015498155689176105
2022-07-29,0.009845130707661088,0.0026483627007963945
2022-08-01,-0.006489269635484279,0.015517501736270686
2022-08-02,-0.004144130518364635,0.002422397147765873
2022-08-03,0.0005742578806465525,-0.006130826124785492
2022-08-04,0.004956690825397444,-0.015355941713930727
2022-08-05,-0.0020166049118677,-0.0003095397943590916
2022-08-08,-0.006280159256759948,0.007906693107129915
2022-08-10,0.011927457860532413,0.0031770966140642594
2022-08-11,-0.00511278065883958,0.004376842569050536
2022-08-12,-0.002577259360901269,0.01950021417988185
2022-08-16,0.0008392031010744615,-0.008105500405837608
2022-08-17,-0.0012753455320465741,-0.003039870785150176
2022-08-18,-0.0025921128998808523,0.0020157770849138406
2022-08-19,-0.004975408686498496,-0.00630208740909784
2022-08-22,-0.00420829211545105,-0.0074190034776372045
2022-08-23,0.0013338177637018424,0.013230969825172603
2022-08-24,0.00168578973664702,0.005682417346092118
2022-08-25,0.004251716520863483,-0.000624363527628205
2022-08-26,-0.0021028672440243203,0.004635188098782653
2022-08-29,0.0010993334933989667,-0.009892863820453048
2022-08-30,-0.0039013516882154473,0.0075910349983256895
2022-09-01,-0.0002696434159095637,-0.009254470699779735
2022-09-02,-0.008144298844640912,-0.0034775203632637884
2022-09-05,-0.0047334826573001785,0.0078187920671192
2022-09-06,0.002099154326162342,0.0008270520827502684
2022-09-07,0.00046507146023683113,-0.004476102662789307
2022-09-08,-0.008067650208405872,-0.0019401750182395368
2022-09-09,0.0007947527251268927,0.0029809861633823802
2022-09-12,7.17650002328065e-05,-0.0022557769542384974
2022-09-13,-0.0011787557111949312,0.00031963532306383564
2022-09-14,-0.0010363936169105405,0.01858146946728069
2022-09-15,-0.006071956344103405,0.005911242135799582
2022-09-16,-0.0063667369015556995,0.0035041306284852407
2022-09-19,-0.0062286071210387465,-0.008127024690111293
2022-09-20,0.0066062097521271314,-0.0008251416344604908
2022-09-21,0.002353948307087246,-0.008951859188019995
2022-09-22,-0.0006339294133339685,-0.014528210010972549
2022-09-23,7.442639026289735e-05,-0.014354344756663256
2022-09-26,0.002512774658199407,-0.02005803138777497
2022-09-27,0.004719194882906054,-0.0027958405574610885
2022-09-28,0.0050151787169434425,-0.016892599797696046
2022-09-29,0.0018702122988734076,0.003727856562499977
2022-09-30,-0.0062445641579983325,0.011374362265048904
2022-10-03,0.0033720615321724684,0.004120541088843169
2022-10-04,0.00012747343046944776,0.0069653245021805005
2022-10-06,0.0009338002615182721,0.007834298308138248
2022-10-07,-0.002210923570015895,-0.0011690916368457334
2022-10-10,-0.0030495734590745946,-0.0011995024782419103
2022-10-11,-0.009264679195560068,0.004902055628862683
2022-10-12,0.0014125198747360675,0.009759316640357047
2022-10-13,0.0005162173165934973,-7.048137148898091e-06
2022-10-14,-0.003778597084628184,-0.0024173619521580536
2022-10-17,-0.007783894168302041,0.004376985398388265
2022-10-18,-0.0015275072134317402,-0.005184714819276211
2022-10-19,0.0001676946819831979,-0.0036905285910441873
2022-10-20,-0.0004017911962569398,-0.0006664925396991034
2022-10-21,-0.0047673639705820454,0.0028658738100896344
2022-10-24,0.0006722642168426702,0.0027119645783969942
2022-10-25,0.0022505411354873635,0.004540047749743998
2022-10-27,0.00032214285305254796,0.007298017751864215
2022-10-28,-0.0045915982906101225,0.001806361394489899
2022-10-31,-0.003255708673960694,-0.0025434021771954442
2022-11-01,0.0018784954265673639,-0.005237877496119852
2022-11-02,0.00022385329267829955,0.01085437721846311
2022-11-03,-0.002961307310369993,-0.006527757229364543
2022-11-04,-0.002436971982645852,0.012189722367177415
2022-11-07,0.000332826269219474,0.009799527528225037
2022-11-09,-0.005440980514744133,-0.00029292472852719253
2022-11-10,-0.0010564439877081434,-0.0022706356165819747
2022-11-11,0.0002831545161340234,-4.24365917261766e-05
2022-11-14,0.006774518864369271,0.007053888837673283
2022-11-15,-0.003953307095278043,-0.004958671045536702
2022-11-16,-0.0047504220098609,-0.0003513417156739691
2022-11-17,-0.00223962567641334,-0.0011141046732178004
2022-11-18,-0.00024159377888630356,-0.0010086405919699053
2022-11-21,0.0015840141463190714,-0.005330361554038567
2022-11-22,-0.0003405425845573254,-0.002316285873164351
2022-11-23,0.0016070249254793345,0.00206677634038252
2022-11-24,0.002608317662011323,-0.008270488202412524
2022-11-25,0.0044993772950099745,0.005123727166111128
2022-11-28,0.00183720363972689,-0.0016733005650487803
2022-11-29,-0.00025964364321689895,-0.0064163302323467925
2022-11-30,0.005482929741479661,0.0032606805210527324
2022-12-01,0.0012283874663201466,-0.0005102925250059691
2022-12-02,0.0014528119425610427,0.0039908060844834
2022-12-05,0.0033558601958647138,0.013304950857276036
2022-12-06,-0.0036585116874100357,-0.002801074926438687
2022-12-07,-0.004826211806420725,-0.00795586738825848
2022-12-08,-0.00200130475072689,0.007765788657449979
2022-12-09,0.002317663714303187,-0.0027622380222758853
2022-12-12,0.0037537798190964947,0.004403989092356582
2022-12-13,-0.00540759637145734,-0.0014583547816957405
2022-12-14,0.0021132322641619766,0.01117968915476133
2022-12-15,0.00021370140750992528,-0.001276472397113199
2022-12-16,0.001720904786855347,0.0056903819072262425
2022-12-19,0.00059019372669788,-0.004300531333436965
2022-12-20,-0.004465851765258417,-0.000987264802412238
2022-12-21,0.014060879870149463,-0.014699387313222366
2022-12-22,-0.0016013645489287732,-0.007807772094650001
2022-12-23,-0.003766703281043015,-0.01447934328814854
2022-12-26,-0.005096417963675154,0.014754198303253512
2022-12-27,0.005266960660567194,0.010522052447989604
2022-12-28,0.00031370191426267175,0.0008762385172432078
2022-12-29,-0.0018356642724412676,0.004574708947861766
2022-12-30,-0.004308180141212084,0.0065536494030306505
2023-01-02,-0.0011397393484363764,0.012079290091013863
2023-01-03,0.0014488041491299104,-0.007139693138184812
2023-01-04,-0.0032331412907346518,-0.011324724136683966
2023-01-05,0.008491201502511618,-0.0041957674928138275
2023-01-06,0.0004363718334031196,-0.0017261362749801485
2023-01-09,-0.0012298820816887147,0.0008938929104625876
2023-01-10,0.011674851459349265,0.005517455465559959
2023-01-11,-0.0036047328902152486,0.007382200514327319
2023-01-12,0.000466829636347771,-0.0035532055906559194
2023-01-13,-0.0003051342634572329,0.0013376039223826483
2023-01-16,0.0014106772805656588,-0.0031095804100017116
2023-01-17,-0.0021772327608072023,-0.004681887177377548
2023-01-18,0.0009036320107980167,0.0043226926486313755
2023-01-19,0.0025290104842841895,0.006935910322565045
2023-01-20,-0.0028256858911852893,0.012753716602108282
2023-01-23,0.0033001465286166157,-0.0029593103190416817
2023-01-24,-0.00046296365190493026,-0.006784285344476131
2023-01-25,0.003283819308762051,-0.005888624455595535
2023-01-27,0.02517936090654402,-0.007686944200567466
2023-01-30,-0.007472816591802817,-0.0005341444674573925
2023-01-31,-0.010567200896205966,0.006390090539819516
2023-02-01,0.01484550691089072,0.0034816090080804513
2023-02-02,0.0010213897639151995,-0.011232002798146545
2023-02-03,-0.017962605332506328,0.008296382615788057
2023-02-06,-0.002754657591327942,0.0003734788705434971
2023-02-07,-0.007171344515255529,0.0002723148450188284
2023-02-08,-0.005868603197653463,-0.010213450991477715
2023-02-09,0.005078222726231428,-0.0026032194219690486
2023-02-10,0.002113640714571544,-0.0006591155296271178
2023-02-13,0.0021646467134250544,0.004792361498599306
2023-02-14,-0.006658907929619799,0.0033140415911910876
2023-02-15,0.008320306353071695,-0.004228078956641998
2023-02-16,0.003117966712727677,-0.0009164961894410255
2023-02-17,-0.000979227048147794,0.007101316010511613
2023-02-20,0.004909272475861415,-0.003908225014935294
2023-02-21,-0.003150184413908896,0.002849251831152279
2023-02-22,0.0071813606175233375,-0.006002203360032543
2023-02-23,-0.0011352881478475262,0.009421214043211905
2023-02-24,-0.0013697062331617018,-0.0034660567301746472
2023-02-27,-0.00491543603376181,0.0033783996633428705
2023-02-28,-0.004632131466142536,-0.004934083956900282
2023-03-01,-0.007226164985632333,0.00822361091110508
2023-03-02,0.0019933868150551854,0.001904784096600701
2023-03-03,-0.014582033354351678,0.00642943148115923
2023-03-06,-0.005733259794371247,0.004213584286281028
2023-03-08,-0.0006741788055528723,0.0048074978756343974
2023-03-09,0.004806311627116189,0.0025498993720826924
2023-03-10,0.003383076268328248,-0.0044259893269337
2023-03-13,0.003304884048487394,-0.005502763484658592
2023-03-14,0.0038413992564158665,8.82226972950895e-05
2023-03-15,0.0007935011062285096,-0.001297210671653341
2023-03-16,-0.0032101404669191732,-0.007571163584664808
2023-03-17,0.0024773373218596167,0.001298928542750254
2023-03-20,-0.0008881299874411372,-0.008625533859014697
2023-03-21,-0.00409007686893476,0.006993527721870592
2023-03-22,0.003270139720110703,-0.00308341588127574
2023-03-23,0.001096650764553663,-0.0038799743736085144
2023-03-24,0.003285039083461728,-0.00816961920810435
2023-03-27,-0.00016457556681723164,0.001110562303192412
2023-03-28,0.0062127054608397975,0.006268560742360908
2023-03-29,-0.003684213405713496,0.001904489171512834
2023-03-31,-0.0030940060412682387,0.0016514981531148207
2023-04-03,0.001870988744940644,0.006021189652501221
2023-04-05,-0.0019660738334731,-0.005766243396780549
2023-04-06,-0.0010193598954938083,0.002027976480045974
2023-04-10,0.0006372484224666684,0.00974769156229156
2023-04-11,0.00033701965140984103,0.009643701827119188
2023-04-12,0.009180117980482289,-0.010374961994886767
2023-04-13,0.0021475057507842447,0.005851018103819229
2023-04-17,0.005937898082366836,0.008555793916286478
2023-04-18,0.004590795165805123,-0.004109038963106796
2023-04-19,-0.0012725463558655153,0.0037212828836874342
2023-04-20,-0.002904533755616282,0.002272049088558871
2023-04-21,-0.0022524359304240283,-0.005522002222957746
2023-04-24,0.0025378298773440526,0.0005973377438535828
2023-04-25,-0.0024118637368084456,-0.0010118017071574302
2023-04-26,0.0014971199973864624,-0.0018485582210596581
2023-04-27,0.00121451127923047,0.0022141520260902073
2023-04-28,0.0038375106385035596,-0.004694140419725019
2023-05-02,0.004489247105371615,0.0069174738046552525
2023-05-03,0.00242245791569434,-0.004528591723317357
2023-05-04,-0.0043458052160330616,-0.00397797080458197
2023-05-05,-0.0006441098312121134,-0.017789675484275094
2023-05-08,-0.002013435460903981,0.010865192707204851
2023-05-09,0.0019307322659037022,-0.004177367358138248
2023-05-10,0.0011615695815299998,0.00021374005300196352
2023-05-11,-0.006730532764021259,-0.0020067933034789926
2023-05-12,-0.0031380620678473597,-0.003170090325248666
2023-05-15,0.0017881424093419422,0.003246361556980135
2023-05-16,0.0005148194747343817,1.9760319550872485e-05
2023-05-17,0.0010653952554976927,0.0014582308558366
2023-05-18,-0.0023670767197985576,0.0016887886465547083
2023-05-19,-0.005633791682140996,0.0026747608777016253
2023-05-22,-0.0048746166743450225,-0.01257202440184663
2023-05-23,0.0009397907193026268,0.0010567065644812189
2023-05-24,0.0029637105748163296,-0.0026972506982533124
2023-05-25,-0.00033346024051249604,-0.008753797402960645
2023-05-26,0.0003912107681822048,-0.003598947266537706
2023-05-29,0.0007631123548199762,0.0027641844310401275
2023-05-30,-0.003826003498869114,-0.0002363945367431068
2023-05-31,0.004344338615709452,-0.0179200084664549
2023-06-01,0.005212888993819444,-0.008582802964765074
2023-06-02,0.0030982722666594888,0.0038272761426047957
2023-06-05,-0.003718233200104648,0.007683782550389057
2023-06-06,-0.0012274535857001033,0.0016612127916709914
2023-06-07,0.009779898917774876,-0.005220884451098296
2023-06-08,-0.0023087114025222765,0.002950292801689131
2023-06-09,-0.0025680664077513274,0.0048917497835649325
2023-06-12,-0.0004636843321898787,-0.002651831970972885
2023-06-13,0.0025330860832150377,-0.0059514185912979784
2023-06-14,0.004685106464760269,0.0058417454979346325
2023-06-15,0.004149100991117268,-0.011462855918323784
2023-06-16,-0.0010301779184279745,-0.004724269767609304
2023-06-19,0.0009742104397065785,-0.006719377985075435
2023-06-20,0.005197653959224263,-0.0008200426343208484
2023-06-21,-0.0007322129634796073,0.006054175054348368
2023-06-22,-0.005914178182957295,-0.0034963848400474846
2023-06-23,0.002362232604924486,-0.0010549402931395203
2023-06-26,0.004369899797931334,-0.0027889198882213757
2023-06-27,0.002824864718377784,-0.0006312103468964518
2023-06-28,-0.005979239485178786,0.0032865464795325183
2023-06-30,-0.003542550784773505,4.206437983316283e-05
2023-07-03,-0.005696971175040929,0.009138855780149899
2023-07-04,-0.006171664011761711,-0.0016998963376390638
2023-07-05,0.006560210734345661,-0.013275974360564888
2023-07-06,-0.00010282796603227739,0.005704164661201933
2023-07-07,-0.0027682861291478678,0.0015508853316708038
2023-07-10,0.0030433315815308346,0.00927849079935095
2023-07-11,-0.0007546197125721799,-0.008486825949931574
2023-07-12,0.0013001230992713895,-0.00028211563659278726
2023-07-13,-0.0017742369015588686,-0.005507549680476148
2023-07-14,0.0034648660337931536,-0.008011575940969115
2023-07-17,-0.000685713786914391,0.008224077660524335
2023-07-18,-0.005106475523763553,-0.002614011932600281
2023-07-19,-0.00404064063289179,0.0067164685746813205
2023-07-20,0.0004891307516251189,0.004454720223052189
2023-07-21,-9.241306708782093e-05,0.012309549630898722
2023-07-24,0.0032573440648719035,7.941274050573925e-05
2023-07-25,-0.0005396129281268174,0.010502259660801427
2023-07-26,-0.0011654339529319252,0.004220166994553808
2023-07-27,0.00451273111265022,-0.005122075776095248
2023-07-28,0.001464133335245889,-9.043539337297811e-05
2023-07-31,-0.004216251699198148,0.018449546914146395
2023-08-01,-0.002214628403524535,0.0009666886496887833
2023-08-02,0.0003071203077640479,-0.012945900559672818
2023-08-03,0.0017178837403573344,-0.0012139851064909696
2023-08-04,0.0010527528229797196,-0.002079278957054946
2023-08-07,0.0007992177300813284,-0.0062303344644215036
2023-08-08,0.00201995806694063,-0.003546429436882886
2023-08-09,0.0022256265025375503,0.009636270408182542
2023-08-10,-0.0016016077510800724,0.007087512094018155
2023-08-11,-0.006240742725539863,-0.002338921360520581
2023-08-14,-0.0023273437407304097,-0.005797732059283702
2023-08-16,-0.0033786571501676606,-0.0010589193803865055
2023-08-17,-0.002117755424526176,0.0002326959048051672
2023-08-18,-0.003336597305941222,-0.0015053537832741856
2023-08-21,0.0001634782120193386,0.0014125544964696674
2023-08-22,-0.0021194957420537152,-0.0026687572395244223
2023-08-23,0.0035834471473208365,0.003705987607655494
2023-08-24,-0.0015583628001449776,-0.0054036847217041415
2023-08-25,-0.002025604106570226,-0.0035888313255534273
2023-08-28,-3.206183430561104e-05,0.0060766867458693545
2023-08-29,0.004814939116537432,0.0039293568600320605
2023-08-30,-1.9902926977673034e-05,-0.0052027777168723805
2023-08-31,0.0004431372554660187,0.00047883140319894026
2023-09-01,0.0004606043115853945,0.015461809069380895
2023-09-04,0.004051931303622087,0.006867921774157545
2023-09-05,0.0008905481661226062,-0.002540348878180028
2023-09-06,0.000776623972989267,-0.01082913441377727
2023-09-07,0.0028287881101827905,0.00870453114103794
2023-09-08,-0.006181686767009768,0.006058489742383875
2023-09-11,-0.0010813347135740226,-0.00043761587547543404
2023-09-12,-0.002483081153173073,-0.009927676825971881
2023-09-13,-0.0001462509989767014,0.009587028307065329
2023-09-14,0.0033409556146011443,0.005399256739848766
2023-09-15,0.003609658333456144,0.001111129833257738
2023-09-18,8.226674036519916e-05,-0.006213403409318077
2023-09-20,-0.0001361241748034578,0.002685799871843574
2023-09-21,0.0019277551619917939,-0.009028715424239778
2023-09-22,-0.0020635840429054928,0.00048468975515149424
2023-09-25,-0.0014352730063595031,0.0019831109843582127
2023-09-26,0.0021070680798392534,0.00015459919787576357
2023-09-27,0.0004818143319925889,-0.002151320383203418
2023-09-28,-0.007970306994158806,0.009889959775112667
2023-09-29,0.006319052908137802,0.009947077522525698
2023-10-03,-0.005513991013073177,-0.007633609812905422
2023-10-04,0.0003218882232633056,-0.013583974987710839
2023-10-05,-0.003668639604857849,-0.0024773121233856816
2023-10-06,-0.0019807495960466872,-0.0008709552507043727
2023-10-09,0.0025678525385078137,-0.0016876494720441367
2023-10-10,-0.001018407581030837,0.00600146613255342
2023-10-11,0.004483555406185807,0.0033539438689293628
2023-10-12,-0.00011296606556777348,0.008364359522866457
2023-10-13,0.003980169793562797,-0.0016981116868343671
2023-10-16,0.0020280766463625657,0.006018108690558381
2023-10-17,0.0011208142801987435,-0.002316498319589025
2023-10-18,0.006248113200856866,-0.0029776292053620853
2023-10-19,0.00753270267818318,-0.0032336551648956035
2023-10-20,-0.0024251651249329936,-0.00019359038223351523
2023-10-23,-0.004341949136980166,-0.007420102492501496
2023-10-25,0.001518176871218092,0.006374166734375131
2023-10-26,-0.001562067028656286,0.0019964690714257896
2023-10-27,-0.004931641124745673,0.005177914884739213
2023-10-30,-0.005019845771315305,-0.00020190861237304528
2023-10-31,0.003908664092365436,-0.005166282112605608
2023-11-01,-0.002461700410034303,0.0025949575545381786
2023-11-02,0.0013902262794081308,0.0009805543717585526
2023-11-03,0.002210706790141151,-0.0026540363450722965
2023-11-06,0.0032988158963284386,0.0006099454790084707
2023-11-07,8.059508104904154e-05,0.0021552771255448234
2023-11-08,-0.0009070801349280798,-0.0016823812785144118
2023-11-09,0.006838725503813432,0.0030465565466110296
2023-11-10,-0.002410250736878751,0.0034542999767155553
2023-11-13,0.003210430518490481,0.007977975085938643
2023-11-15,0.005372729028440671,0.0008816144956748338
2023-11-16,-0.002306337458896623,-0.005764070627344756
2023-11-17,0.013120642954729636,-0.018296457804404708
2023-11-20,0.002775429847674722,-9.862508022465176e-05
2023-11-21,0.0031198163579549054,-0.005752206480436315
2023-11-22,-0.0003416873554247066,-0.004472921999777257
2023-11-23,0.0015631046132419664,0.004737328071150645
2023-11-24,-0.002027646922414996,0.002646366132712191
2023-11-28,-0.003982381961599643,0.00664543065401038
2023-11-29,0.0004658671180031637,0.00457909953500198
2023-11-30,-0.0001553128127088554,-0.010681891750360422
2023-12-01,-0.0047013161772642715,0.0020459693347800265
2023-12-04,-0.01309566904404161,0.013911522012944207
2023-12-05,-0.012670813344290707,0.012530292202829365
2023-12-06,-0.0004066766515185734,-0.0070734491273957
2023-12-07,0.000947399694933206,0.002264811023775077
2023-12-08,-0.002774815653888473,0.0004512565671041203
2023-12-11,-0.0004447739690372765,0.0036303740528810377
2023-12-12,0.00461603142740235,-0.006174834016136509
2023-12-13,0.0020463711041071027,0.006447469631435553
2023-12-14,-0.00707534481481709,0.0010310294270699516
2023-12-15,-0.0062673692658995,0.007884977633440463
2023-12-18,-0.0018089561508853194,-0.003670279909050723
2023-12-19,0.002675312540330061,0.004559024327335373
2023-12-20,-0.0020375938917223356,-0.004792970263304372
2023-12-21,0.002849182407860211,0.0055675162270435175
2023-12-22,0.006801467207713058,-0.00821011341699936
2023-12-26,0.004440966128228014,-0.000355956921055103
2023-12-27,0.004488553852909014,0.002806135353441888
2023-12-28,0.005389481318894426,0.0036659418093033976
2023-12-29,0.004244352004302785,-0.0023082197595592465
2024-01-01,0.0017437753825377193,-0.0025635647841184403
2024-01-02,0.0026188697414905324,-0.00014696990661172
2024-01-03,-0.008182281800673787,-0.00044367766544239993
2024-01-04,-0.004391905834819128,0.003928225781181625
2024-01-05,-0.005389777563408349,-0.0014553819814777374
2024-01-08,-0.0050842746553315,0.002068099091442859
2024-01-09,0.0011704703168578423,-0.002226523325348708
2024-01-10,0.0010356863908164674,-0.001414919631691558
2024-01-11,0.005298160664042694,0.008707097975005275
2024-01-12,-0.006798307565717302,-0.0023901707810286346
2024-01-15,-0.008434001280961728,0.0010528429040083612
2024-01-16,0.00010304371623732394,0.0038916722480260967
2024-01-17,0.003954461509453382,-0.020964014888023977
2024-01-18,-0.006183290002773506,-0.002159945942325601
2024-01-19,-0.0017443521377926534,-0.0047802815794455705
2024-01-23,-0.0002153123695872554,-0.0028644691100507026
2024-01-24,0.006193983214509707,0.005692135035894535
2024-01-25,-0.0035435895348382,0.009091225813981921
2024-01-29,-0.010722782075718263,0.0218199824789476
2024-01-30,0.009236920280763353,0.0029134474733551324
2024-01-31,0.005108828608706624,0.006516918889202084
2024-02-01,-0.0016588909253985155,0.0027241094504253955
2024-02-02,0.0029454706895118126,0.009289830402679503
2024-02-05,0.003167618412398401,0.011000330664518884
2024-02-06,-0.0019839939984070956,-0.010281337531047268
2024-02-07,0.0017434510384506901,0.0012175316406911364
2024-02-08,-0.0028588265879835872,0.004102695717391567
2024-02-09,0.0005969287862634565,0.0008094106720660239
2024-02-12,0.007102838714100295,-0.018014902601824048
2024-02-13,-0.0038416144074940976,-0.003744345345168698
2024-02-14,-0.004113182947837509,0.013162524329169397
2024-02-15,-0.0030240365195119026,0.012232467999372667
2024-02-16,0.003316470124228918,-0.007109853505174145
2024-02-19,-0.005197496950967753,-0.002509633977541748
2024-02-20,-0.0039761125480473015,0.006159169599337417
2024-02-21,5.006674341531247e-05,0.0009823405391907233
2024-02-22,-0.00142922220842584,-0.003972798993066881
2024-02-23,-0.0011401404876822,-0.0057002036589321875
2024-02-26,-0.0031641828293400196,0.005816004321871401
2024-02-27,0.002144353675680518,-0.0014654018618169228
2024-02-28,-0.006636965188841435,-0.008614382240887319
2024-02-29,-0.0045537075221161755,0.0026009088443061444
2024-03-01,-0.003062617591943642,0.024057805137655566
2024-03-04,0.00019760216910846276,0.011771224234316898
2024-03-05,0.0011002133054385875,0.00930808796862466
2024-03-06,0.0014772562462366137,-0.00679122176840488
2024-03-07,0.008932186604113983,-0.0035750573440563346
2024-03-11,0.00527234675597014,-0.013784594464972485
2024-03-12,-0.002849310085656657,-0.0010922603734020977
2024-03-13,-0.004182783569692244,-0.021232808609785634
2024-03-14,0.0011404058363911514,-0.008472756182964633
2024-03-15,0.00381463736737061,-0.0023600563432727675
2024-03-18,0.002498045028302492,0.009963547329940026
2024-03-19,-0.0041797773323406125,0.008639726375646067
2024-03-20,-0.004337002983526744,-0.0017136935083932304
2024-03-21,0.003923724961603781,0.010976441643314332
2024-03-22,0.005175431697396861,0.002332170604969236
2024-03-26,-0.0007160926738921994,0.0033221693193145486
2024-03-27,-0.011164345379708639,0.003419290143794135
2024-03-28,0.0027059448787019706,0.002218267163399035
2024-04-01,-0.0008520102573742055,0.005457601320318735
2024-04-02,0.0019275284958278117,0.003731694677164724
2024-04-03,-0.004988092807316836,0.00508264845888835
2024-04-04,0.003393095426593143,-0.001303882008076243
2024-04-05,-0.002801714946664927,-0.00016801310722510906
2024-04-08,0.0005829624130666254,0.007345543219861545
2024-04-09,-0.0006770122245138539,-0.002335544093182549
2024-04-10,-0.0012263342627826393,0.007360163438138241
2024-04-12,0.003283099448413219,-0.003667440426427424
2024-04-15,-0.0026835381385828154,0.003579320519695935
2024-04-16,0.0005040959798475516,0.0012788269315824057
2024-04-18,-2.2042035250160324e-05,-0.0014615753686218359
2024-04-19,-0.006099211969123292,0.006158696169457151
2024-04-22,0.0020973588803305,-0.0048978043047895525
2024-04-23,0.00044125962043178434,-0.004549602460401323
2024-04-24,0.002556766513403433,0.009387834332825145
2024-04-25,0.003844316511672081,0.004314915843858005
2024-04-26,0.009519042295703292,2.161915744571495e-05
2024-04-29,-0.008224170663669164,0.018807812670143458
2024-04-30,0.0037994459591598247,0.004276543493001614
2024-05-02,0.005353956681469362,0.0004838135678707433
2024-05-03,0.004469922118405447,0.005615227162819867
2024-05-06,0.004857102259875968,-0.007986619393736369
2024-05-07,-0.005760151893471315,-0.0209626278153633
2024-05-08,0.001987082393465042,0.011073644063183716
2024-05-09,-0.002836305001088722,-0.002564881787491098
2024-05-10,0.005407914675743181,0.005683283475146807
2024-05-13,0.00427101741888004,-0.005540614878704771
2024-05-14,-0.006954976308777832,0.003805176388211003
2024-05-15,-0.0018217579698912053,0.008265923907053373
2024-05-16,-0.003163101201933075,-0.011550756587549693
2024-05-17,-0.005409742185489929,0.007563219309249433
2024-05-21,0.005358267421335913,0.005077852326277206
2024-05-22,-0.0007760692960163567,-0.007701464482068715
2024-05-23,-0.011106075728859102,-0.0022070185319117783
2024-05-24,-0.003220032848740802,0.004486301233660127
2024-05-27,0.0014513952953634994,-0.0006272057124847535
2024-05-28,0.008957121004496884,-0.010270586684975522
2024-05-29,0.003942118270937274,0.0003899060142666328
2024-05-30,-0.008228185307109677,0.0013276931623014514
2024-05-31,-0.004402970947745775,0.0071796057887503146
2024-06-03,-0.02200956979065082,0.04087953138146385
2024-06-04,0.04571521605835107,-0.07992440136125874
2024-06-05,0.0026193069426094923,0.011343736672337876
2024-06-06,-0.00707971405494443,0.0004211078720821222
2024-06-07,-0.007671379960124753,0.0023292743192174677
2024-06-10,0.007047666666004335,0.004785579548523756
2024-06-11,-0.0032475449841019377,0.004948374368220906
2024-06-12,0.003076763858394854,0.004510685101563793
2024-06-13,0.0006688618815960234,-0.005799642053151659
2024-06-14,-0.0012832614791790987,-0.0023706637947542193
2024-06-18,-0.0019661523649508023,-0.0004089862653006999
2024-06-19,-0.003968014954308906,0.010455539506081683
2024-06-20,0.0040779609336643735,0.004880903249354511
2024-06-21,0.0003450227900517219,-0.00035650253345062815
2024-06-24,-0.0006025704531178509,-0.0030332083942595897
2024-06-25,-0.005686551669339429,-0.00023230759854299182
2024-06-26,-0.010591225545808707,0.003178373354881928
2024-06-27,0.0016145110231177238,0.0036975069938634704
2024-06-28,0.008176027624208057,-0.0005781000667915192
2024-07-01,0.00036677104196999226,-0.006858691074597769
2024-07-02,-0.000745034881830399,0.0025370100545827577
2024-07-03,-0.0009884023451116625,0.004943393469331389
2024-07-04,-0.0013775625582005066,-0.0038137284360916365
2024-07-05,0.0022406264687928413,-0.0020359892844834344
2024-07-08,-0.003625582608497839,-0.000410399942045159
2024-07-09,-0.0002614872824233125,-0.005469166878032401
2024-07-10,0.006984669083304719,-0.009711293969822635
2024-07-11,-0.00025557639881724543,0.0025649689894078473
2024-07-12,-0.0011159447566355951,-0.0041052814056193624
2024-07-15,-0.0034970643197540625,0.0037395811783066542
2024-07-16,0.0032332458570693144,-0.00906250529772278
2024-07-18,-0.005497212794525105,-0.00472974949359279
2024-07-19,-0.007853985893049914,-0.018186729190589203
2024-07-22,0.0016586142612969603,0.0034893657870873574
2024-07-23,-0.003023271652505329,-0.014071152832502296
2024-07-24,0.006164486701314593,-0.0002610526494152834
2024-07-25,7.5497220037461015e-06,0.002336914014660429
2024-07-26,0.006333206205445956,-0.009347068293789673
2024-07-29,-0.001739621855380061,0.0009576223772598258
2024-07-30,0.0004558563690413932,0.01035126554831221
2024-07-31,0.00040974162075016734,-0.0021949915029783476
2024-08-01,0.0013694520960730434,0.003622321641557896
2024-08-02,-0.003593570883938588,-0.011113156264779897
2024-08-05,0.0064043375043162445,-0.021516768284855062
2024-08-06,0.0016864926951340265,8.289833629624051e-05
2024-08-07,-0.0016857611531880604,0.00808996131919787
2024-08-08,-0.003284671363255748,0.0006630773040723105
2024-08-09,0.00016424534120290137,0.004621181939085521
2024-08-12,0.0005753526792600236,0.004284690992205013
2024-08-13,0.0003278355967926607,-0.011353387185841625
2024-08-14,-0.007663633455362412,-0.00697935949221779
2024-08-16,0.0012301703354550483,0.0023225138997267983
2024-08-19,0.004234579624198367,0.0063852119364097865
2024-08-20,0.006235387777060115,-0.0011946989405733043
2024-08-21,0.0059191548336712824,-0.011992931281187398
2024-08-22,0.002927550371307012,-0.0019604866198829124
2024-08-23,0.0009705905029267876,0.002423385645312024
2024-08-26,-0.0025276287456296644,0.004139929127115591
2024-08-27,-0.0014461529540541582,-0.0032567084020814854
2024-08-28,0.005238542606313119,-0.0037101310495507196
2024-08-29,-0.0012315049183561429,-0.0011244314414797212
2024-08-30,0.0009545562285591946,-0.0013880414961612185
2024-09-02,-0.0036696923319235507,-0.008231705409222965
2024-09-03,0.0021329155763445077,-0.004482753533879953
2024-09-04,0.0014787701640603945,-0.0077981505859705865
2024-09-05,-0.0009230794607268155,-0.0013347861564592081
2024-09-06,0.006923311042476641,-0.007483206972544216
2024-09-09,-0.002483821361468531,-0.006778883594821601
2024-09-10,0.0006449959797223889,-0.000603904154112221
2024-09-11,0.0004299338446007335,-0.0159862933501988
2024-09-12,-0.0013863659818993401,0.007087053574766584
2024-09-13,0.0018810584069856584,0.004695272999425381
2024-09-16,0.0008248103249723427,0.008983378749197543
2024-09-17,-0.002464445136861881,-0.0003507706761006061
2024-09-18,-0.002176767491408302,0.002834997443826159
2024-09-19,-0.0007005577634453272,0.0008594933031604688
2024-09-20,-0.00467822409193675,-0.00651925484949714
2024-09-23,-0.005163353544105134,0.0010946774635986287
2024-09-24,0.00254289399450579,0.010941975204669526
2024-09-25,-0.0041907085545822426,0.005721367984280961
2024-09-26,0.004219083616540994,7.300974939085207e-05
2024-09-27,0.0031620956100309977,-0.0004485321300641593
2024-09-30,0.007388579642418143,0.0016463176709630139
2024-10-01,-0.0015754971495349605,-0.001430387758581216
2024-10-03,0.002141510122344998,-0.0034129835767891872
2024-10-04,-0.001592643722773378,0.004173564451525304
2024-10-07,0.0016279638232431105,-0.017744328964600785
2024-10-08,-0.006824562724310083,0.0007417304196399542
2024-10-09,0.005295200282580371,-0.00408816146676938
2024-10-10,-0.007059695617634074,0.011895906269868237
2024-10-11,0.004326169818696149,-0.001549126926999744
2024-10-14,0.0035994357946847293,-0.0050550772530902266
2024-10-15,-0.007798240936224559,-0.006985413141021632
2024-10-16,0.002612210172672356,0.0013547838399960137
2024-10-17,-0.0051983614173725535,-5.952959528878268e-05
2024-10-18,-0.001647155873453533,0.01911666399999562
2024-10-21,0.0025187642526865155,-0.004769821330181137
2024-10-22,-0.0019171131291979369,-0.011355185419357507
2024-10-23,0.0011856690610238176,-0.002003830963585826
2024-10-24,-0.006275041694361255,0.014350851145317745
2024-10-25,-0.010365624778941127,-0.026571435286088588
2024-10-28,-0.00021400943234062275,-0.000924548747280751
2024-10-29,-0.006701512275609826,0.001835902977231402
2024-10-30,0.0022146306103054407,-0.0033371872567775056
2024-10-31,0.006495960895224653,0.013109296563730574
2024-11-01,-0.0024558341972480842,0.003737683877469992
2024-11-04,-0.0009193181072296545,-0.008376659958248921
2024-11-05,0.0024297522537677562,0.01575175568785154
2024-11-06,-0.005318028765865877,-0.006145995717851721
2024-11-07,-0.0015310781955925525,-0.014829059247419177
2024-11-08,-0.0028566676778913618,-0.009925795925680892
2024-11-11,-0.011138225879800713,0.006343189347236848
2024-11-12,-0.002730389102684288,0.0034591868860931636
2024-11-13,-0.0031109339675705304,-0.00940192891017905
2024-11-14,0.003449221442999818,0.003350849991355484
2024-11-18,0.0022494099784122036,0.006889281616776094
2024-11-19,-7.024271996095965e-05,0.0007722346705058965
2024-11-21,0.01719800733745282,0.002552218507780043
2024-11-22,-0.006999981157123015,-0.0037568732313824106
2024-11-25,-0.008327971648748657,0.007614636632068145
2024-11-26,0.007124268612186293,-0.010523134067387252
2024-11-27,-0.010300057617391372,0.003747905316367755
2024-11-28,-0.0019212575830322744,0.009100757033446573
2024-11-29,-0.0045704529529414645,-0.004136244189228044
2024-12-02,0.0001556668363958116,0.001432817742248169
2024-12-03,-0.007360255058004092,0.009193415745715377
2024-12-04,-0.0017016367288600004,-0.0026829334039650855
2024-12-05,-0.00861798182446224,-0.001612652700445639
2024-12-06,0.003615912266533165,0.00326114649189919
2024-12-09,-0.0030161732754928716,0.0023658316989041348
2024-12-10,-0.0018341882068850762,-0.001031039456372338
2024-12-11,0.003477887282105558,-0.005607072559757689
2024-12-12,-0.0006831856955010875,-0.0013006448375775725
2024-12-13,-0.008543767560739934,-0.006193627733824492
2024-12-16,0.003298212555391124,0.00229536195152339
2024-12-17,-0.001775620197469529,-0.00585676137611198
2024-12-18,0.0016773617567259307,-0.009675315439286736
2024-12-19,0.005465975600251099,-0.0036283524306453003
2024-12-20,0.0002342765997558234,-0.012794498051298215
2024-12-23,-0.002031140789752053,0.005915070030740448
2024-12-24,-0.0008530412772118866,-0.0014948021986999926
2024-12-26,-0.0018806313244666372,-0.0031516399290585314
2024-12-27,0.0010194427843382274,-0.0011103226940396
2024-12-30,0.0014072115311614011,-0.011443055576950517
2024-12-31,-0.0022366266076099517,0.007600326294467313
2025-01-01,-0.0017897294802475343,-0.0017598223869083537
2025-01-02,-0.0062623118896665865,0.0026618144780755845
2025-01-03,0.0026899092644336107,0.00768990271610861
2025-01-06,0.0029262033155982685,-0.011260472248527689
2025-01-07,0.0039048364278292053,0.005363260581502172
2025-01-08,-0.002410102616432713,0.0007531189270118853
2025-01-09,0.004267338109652802,-0.010642519770971854
2025-01-10,0.0030879772264625774,-0.01853041151553986
2025-01-13,-0.0023468672555477105,-0.007752531748223362
2025-01-14,0.002627209296704594,0.025339302268499158
2025-01-15,-0.001316773624114294,0.008914231075228027
2025-01-16,-0.0004174798339728362,0.005087300966905958
2025-01-17,0.010981029868357422,0.0004917304945193631
2025-01-20,-0.007416624124560043,0.013624618145346554
2025-01-21,0.004983231382553067,-0.008389080277194347
2025-01-22,-0.002295834932771303,-0.005242200953765104
2025-01-23,0.005911002937971761,-0.0006199935063079826
2025-01-24,0.00042279985502144835,-0.00610125069251057
2025-01-27,-0.00805014535497861,3.2716523697400024e-05
2025-01-28,-0.008687894936819542,0.00874190287871773
2025-01-29,0.007156610522275331,0.000966131148128593
2025-01-30,0.003382227769264519,-0.005365407108034938
2025-01-31,0.005263951043639558,0.004181693849807513
2025-02-01,-0.0011238805996756493,-0.009930228256054486
2025-02-03,-0.00030478864402099307,-0.006979402260842948
2025-02-04,-0.008739089006011214,0.010102221170847303
2025-02-05,0.004291700119530685,0.01363812588003293
2025-02-06,0.004201051423086348,0.00015685461050440972
2025-02-07,0.006015088444761098,0.0022356124427054228
2025-02-10,-0.0034365286206079915,-0.0073873661842866895
2025-02-11,-0.006790102850292062,0.0006530884173937129
2025-02-12,0.003601829677980722,0.0005375418691890984
2025-02-13,0.0036979954287210647,0.005201937088758888
2025-02-14,-0.0008137916733862629,-0.006961427783827499
2025-02-17,0.005202254723907558,0.009260643531507025
2025-02-18,0.0008846748667407705,0.0074803667711328585
2025-02-19,0.0023547809436932476,0.010093741822815108
2025-02-20,0.001438832306828691,0.007175033267107824
2025-02-21,0.003596700186946548,0.00020313723369986452
2025-02-24,1.423032536166692e-05,-0.0006989851855154338
2025-02-25,-0.008307001507059663,-0.008588918565881957
2025-02-27,-0.00047785283442942396,0.003621723371143059
2025-02-28,-0.00376166304033897,0.016324278888788887
2025-03-03,0.0008181062647803143,-0.008548767496654635
2025-03-04,-0.005021564432395755,0.009628664896178056
2025-03-05,0.002359403518045351,0.0003236708470934352
2025-03-06,-0.00033876037171583565,0.005620697099885521
2025-03-07,0.001119016711667209,0.0017519616371999024
2025-03-10,-0.0008193661407845726,-0.0071984731809984544
2025-03-11,-0.013345490633101803,-0.02046231433273401
2025-03-12,-0.0011882081372825708,0.011936884976966568
2025-03-13,-0.006280421333709093,0.0015810946421557
2025-03-17,-0.00022771069781898825,0.00554462485096978
2025-03-18,0.0,0.0
2025-03-19,0.006990042885015538,0.007052069969139367
2025-03-20,-0.002105745477759151,-0.010046479120632827
2025-03-21,0.00026753528049379763,0.004913263707051973
2025-03-24,-0.006187147775255419,0.011520245633273748
2025-03-25,-0.006607828538982273,-0.006693903629573363
2025-03-26,0.0034415775982147073,-0.0017606765203104858
2025-03-27,-0.0017380697588102257,0.0011304460120477085
2025-03-28,-0.002951145748831458,-0.00334746698803523
2025-04-01,0.012882975997555404,0.00835428550291805
2025-04-02,0.00502148485116387,-0.0011828757585588216
2025-04-03,0.0012230431909926623,0.0029250843656943924
2025-04-04,-0.010690396175649586,-0.0186230171774121
2025-04-07,-0.002464776248569101,-0.01627160729831856
2025-04-08,-0.0012869926065136802,-0.006474037329019178
2025-04-09,0.0048574086123682955,-0.014769161470204928
2025-04-11,0.003949776951479633,0.021485069450454683
2025-04-15,0.0034581607824680435,0.007956747276128993
2025-04-16,0.002168317820037834,0.003837629383154911
2025-04-17,-0.013490448772395339,0.005055704962430484
2025-04-21,0.003083376970766969,0.013252211504653496
2025-04-22,-0.005483321240688344,-0.005690719634626499
2025-04-23,0.00175359430916543,-0.010165076365750769
2025-04-24,0.008801224009297642,0.004742181534583826
2025-04-25,0.0006220608471685703,-0.008900436648688791
2025-04-28,-0.0008110490251507004,0.01276754991396583
2025-04-29,-0.0020310312310348826,-0.01142628838095765
2025-04-30,0.003566787905529662,-0.008122243221534493
2025-05-02,-0.008897156900632863,0.009118477887134074
2025-05-05,0.00020084635000363043,-0.007618876795306262
2025-05-06,0.00014748667713080765,-0.008877264306623361
2025-05-07,0.0008245357099285492,0.011980541372702422
2025-05-08,-0.005427340479393604,-0.0032256304974845216
2025-05-09,0.004867868885106173,-0.0026302153280807847
2025-05-12,-0.005940383321963363,0.0004142394550123128
2025-05-13,-0.00019616203004609728,-0.008732050847637503
2025-05-14,0.0012732363377954397,-0.0012832569092345045
2025-05-15,0.002083762137893975,0.000535490537944645
2025-05-16,0.0020994085840159355,-0.0017431361298964275
2025-05-19,0.0030409085319432743,-0.001096454949662818
2025-05-20,-0.001977829825165622,0.0037099888117604514
2025-05-21,0.0003249731102179781,-0.00945974339285274
2025-05-22,0.00292677971770191,-0.002003865229442679
2025-05-23,-0.0008499949279627914,-0.003397007375839676
2025-05-26,0.0031284972385877035,-0.006689559633623423
2025-05-27,0.0037962502511095764,-0.001269428062036824
2025-05-28,-0.004138509314367839,-0.0006810631967340249
2025-05-29,0.0006671787377473572,0.0035415224662181614
2025-05-30,-0.0041004732040605335,0.00180399631936349
2025-06-02,-0.0021974225434694614,-0.0021098641099156308
2025-06-03,0.0024838327867807318,-0.00023025699862246236
2025-06-04,0.0023579544839915124,0.0016817886965858897
2025-06-05,0.0003199288399477569,-0.0015755346383199273
2025-06-06,-0.003883019245933583,0.008617762980752574
2025-06-09,-0.0012233982751826498,0.005271659001271577
2025-06-10,0.0027643504049330945,0.0022946288410760963
2025-06-11,-0.0002148672943365099,-0.004040670509673102
2025-06-12,0.0008764226237362328,-0.0015753275704393221
2025-06-13,0.0012380851763019339,-0.004373871201288343
2025-06-16,-0.0012281644816315215,-0.004648461294906328
2025-06-17,-0.0015168775994429855,-0.0036502204333977205
2025-06-18,0.0013809072096222371,0.0040812521937878534
2025-06-19,4.6880901988400865e-05,-0.0011111839369181398
2025-06-20,-0.002960851325389785,-0.0015083121429428376
2025-06-23,0.0027409307371845616,0.004066659915966481
2025-06-24,0.003673130724261224,0.0009539978003816541
2025-06-25,0.001169986379445898,-0.00513693582498392
2025-06-26,-0.00386284618694834,0.002132109480512751
2025-06-27,0.001228075851726794,-0.0007093913593446671
2025-06-30,0.0037770262510308534,-0.004145984666004904
2025-07-01,0.0007717405031300251,-0.001962624222354098
